{"cameraMode":{"drawMode":0,"name":"Shaded","section":"Shading Mode"},"sceneLighting":false,"audioPlay":false,"sceneViewState":{"m_AlwaysRefresh":false,"showFog":true,"showSkybox":false,"showFlares":true,"showImageEffects":true,"showParticleSystems":true,"showVisualEffectGraphs":true,"m_FxEnabled":true},"in2DMode":false,"pivot":{"x":-0.49158573150634768,"y":1.1498749256134034,"z":-0.8595340251922607},"rotation":{"x":0.0031366394832730295,"y":0.9965754151344299,"z":-0.06918331235647202,"w":0.04517633095383644},"size":1.3227660655975342,"orthographic":false}