{"cameraMode":{"drawMode":0,"name":"Shaded","section":"Shading Mode"},"sceneLighting":true,"audioPlay":false,"sceneViewState":{"m_AlwaysRefresh":false,"showFog":true,"showSkybox":true,"showFlares":true,"showImageEffects":true,"showParticleSystems":true,"showVisualEffectGraphs":true,"m_FxEnabled":true},"in2DMode":false,"pivot":{"x":4.278230667114258,"y":0.9515290260314941,"z":-0.5120645761489868},"rotation":{"x":0.09548752009868622,"y":-0.8967430591583252,"z":0.23693090677261353,"w":0.3614072799682617},"size":1.1586356163024903,"orthographic":false}