{"cameraMode":{"drawMode":0,"name":"Shaded","section":"Shading Mode"},"sceneLighting":true,"audioPlay":false,"sceneViewState":{"m_AlwaysRefresh":false,"showFog":true,"showSkybox":true,"showFlares":true,"showImageEffects":true,"showParticleSystems":true,"showVisualEffectGraphs":true,"m_FxEnabled":true},"in2DMode":false,"pivot":{"x":-0.43970349431037905,"y":1.3864660263061524,"z":-0.3084368407726288},"rotation":{"x":-0.06374529749155045,"y":0.684240996837616,"z":-0.06024659052491188,"w":-0.723966121673584},"size":2.7812209129333498,"orthographic":false}