{"cameraMode":{"drawMode":0,"name":"Shaded","section":"Shading Mode"},"sceneLighting":true,"audioPlay":false,"sceneViewState":{"m_AlwaysRefresh":false,"showFog":true,"showSkybox":true,"showFlares":true,"showImageEffects":true,"showParticleSystems":true,"showVisualEffectGraphs":true,"m_FxEnabled":true},"in2DMode":false,"pivot":{"x":18.55500030517578,"y":1.1920928955078126e-7,"z":8.29800033569336},"rotation":{"x":-0.25688686966896059,"y":0.20170195400714875,"z":-0.05491503328084946,"w":-0.9435635209083557},"size":2.0766098499298097,"orthographic":false}