{"cameraMode":{"drawMode":0,"name":"Shaded","section":"Shading Mode"},"sceneLighting":false,"audioPlay":false,"sceneViewState":{"m_AlwaysRefresh":false,"showFog":true,"showSkybox":false,"showFlares":true,"showImageEffects":true,"showParticleSystems":true,"showVisualEffectGraphs":true,"m_FxEnabled":true},"in2DMode":false,"pivot":{"x":2.84475040435791,"y":1.3018157482147217,"z":5.092320442199707},"rotation":{"x":0.0025483800563961269,"y":0.9974417090415955,"z":-0.052723485976457599,"w":0.04821459576487541},"size":1.0258055925369263,"orthographic":false}