{"cameraMode":{"drawMode":0,"name":"Shaded","section":"Shading Mode"},"sceneLighting":true,"audioPlay":false,"sceneViewState":{"m_AlwaysRefresh":false,"showFog":true,"showSkybox":true,"showFlares":true,"showImageEffects":true,"showParticleSystems":true,"showVisualEffectGraphs":true,"m_FxEnabled":true},"in2DMode":false,"pivot":{"x":-0.4300116300582886,"y":1.0430669784545899,"z":0.4677225351333618},"rotation":{"x":-0.09261708706617356,"y":0.8424357771873474,"z":-0.15356716513633729,"w":-0.508076548576355},"size":1.1586356163024903,"orthographic":false}